0,1,2,3,4
-0.25672768823004805,0.7536053120999091,2.210489551656367,3.092238413432751,4.267837165039243
-0.23442413068313894,4.268294218619763,3.2361266435064375,1.8191406688367968,0.7500420835812932
-0.24402500205830108,1.9423763183033937,4.277661842806748,3.062659581964755,0.7683667641956624
4.266891478800224,3.2250131345915616,2.222896105878809,0.771215920326039,-0.28519320376443325
-0.23412808255833759,3.1984599329208687,4.2539280571813025,1.8490264197260045,0.8009993588536275
4.284860181911912,3.1112298344911915,2.1300541905441763,0.7448530266280029,-0.26321581735194827
4.283908606249584,3.17760138978913,2.1756794436074642,0.7428622578951452,-0.27406693575871116
4.285217954601675,3.247369337553126,2.175571333501529,0.742825392369778,-0.289133155121579
-0.25177403211405,3.0742682137887605,4.275232772753187,2.1492155126192376,0.755619927997375
-0.24073210949775828,0.8781040514442564,4.237338160731763,3.1046052286774857,2.0659059070013353
-0.25192904028423835,2.9055602965261453,4.267882064243295,2.095733237453444,0.8328633506800325
-0.24763386599484635,1.8545131361137486,4.279121382594175,1.8772631414255467,1.841935549078493
-0.24872249058498724,0.7835293716514905,4.253536468927064,2.1507147120401857,3.147049506785213
-0.2494087250964771,1.872448810504544,4.276565771633189,3.0842333105039677,0.7939711754173391
4.286311343709784,3.25941058445478,2.19815040839382,0.7405052515827388,-0.29434486648248837
4.28588680018398,3.2504645039116866,2.185494372749293,0.7469556384078136,-0.29243809592384523
4.244078091134776,3.2308150880362385,2.2023056604386912,0.7646787859092202,-0.2683448456157757
4.281325743955882,3.1531342394450323,2.1709571485165666,0.7484806582952191,-0.26969204934118984
0.8004031271542582,3.2257550754802415,4.267485056840815,0.8158969078191882,0.7418346416804971
-0.24666739806657062,0.7898248696427207,2.0331362122233765,2.9715432970460913,4.273118006101567
4.280047113823475,3.2241865552765354,2.214831253172118,0.7537125247224677,-0.2876274588735
4.271176384518137,3.247791678148925,2.2192592626547745,0.7506852401992302,-0.28712820800734884
-0.254369174196307,0.7830735346098772,3.236138771628043,4.224912534633723,2.122477088565975
-0.2563737015859003,0.7528153020761759,3.263613508952783,4.261402406868533,1.8171856850173163
-0.25636619198849847,0.7948585406220146,2.178774764948498,3.052318766511988,4.260684205883447
-0.20515264593199795,3.1967630693865483,4.2418130760633215,2.0270696080245716,0.7600159641443052
4.27784339713204,3.2655651788546853,2.167855597513348,0.7421850576005247,-0.2890439622666686
4.2857377318448515,3.221405784192366,2.154961673504075,0.7436935344804241,-0.28223075569688466
4.264827211171577,3.2439607961105157,2.216525574751097,0.7668996848912224,-0.2865402457481116
-0.2579443893867226,0.7481585277701555,2.119817529725174,3.2547032617880873,4.243521852067608
-0.19325649364280137,4.259457260976153,3.224315224108159,1.8500679410964482,0.7429006657865433
-0.23845252984596482,3.209408931756954,4.26226893060952,1.8906233951852713,0.7653201395941983
4.278495626220564,3.23616415492305,2.206903146087321,0.7468534975026756,-0.2856361177108832
-0.2328147553620633,0.7912705683731689,3.224333829125657,4.248056436449742,1.8353855585551242
4.2770880375161315,3.272778173443267,2.1899177947134874,0.7476481260735721,-0.29474917683635404
-0.2600828609560752,3.0763153439946596,4.270626735141037,2.0907837325501912,0.8034816248919857
-0.24817872754212444,3.1016676553999925,4.285336205302363,1.9099696415286602,0.7479827031045453
4.276470353779949,3.2251767647116547,2.20765549450768,0.7492805372832501,-0.28253152135984677
-0.24758367186610486,1.9926157559918094,4.266905366835293,3.1395338938801056,0.7845348076501287
2.1000890277587407,4.241354414078332,3.2541252987354667,0.7701484959681761,-0.26719951170717837
4.279682980070332,3.2698529151730256,2.213226942388049,0.7384291509341278,-0.29454837239407
-0.2508801625073854,1.8305151237096604,4.275484417416057,3.217891064208569,0.7599724428757002
4.281353074594396,3.23730905783656,2.2130465681674725,0.752051070784785,-0.2903296682222587
3.0110025385160935,4.2839091178926045,2.2477701838174675,0.7717904775371764,-0.2889087939404859
4.276188656034814,3.2603399102031165,2.1924059320280156,0.7491164588753193,-0.29016767776981917
-0.25605677442120245,0.763757869517261,2.1813271363885227,3.21856268190845,4.241995962087134
4.278866428433436,3.250710900934491,2.2277085969674957,0.7531222442149192,-0.2939071714634091
-0.24902325474583434,0.7603238281055473,3.227974420040229,4.280402063324607,1.7797175838649317
4.2391645955424,3.2657409379719358,2.199078474466287,0.7557207034362594,-0.27966563431911307
4.269179885254301,3.0204006777945485,2.1386775799499684,0.7615586967096909,-0.2370144846770693
4.283303062880817,3.2445682448882867,2.2101928553343457,0.7454159053821174,-0.2910962202824119
-0.23876417569530858,3.1724618396719113,4.283496437243938,2.138682950793881,0.7227055865776657
4.286343214781884,3.2539248044933493,2.1812674070850533,0.7431395595159818,-0.2923055746057105
4.283530721358316,3.2586835522718296,2.18843882169169,0.7427961636134137,-0.29208127449705473
-0.23669647184924605,4.226018127710808,3.2562683396833476,1.8171965346923298,0.7871023621575433
4.282259174908274,3.2529732202883808,2.198944729300055,0.7466274352556043,-0.29159420011006193
-0.2481752026476271,0.8066178048507107,4.261284647243101,3.2278149815459636,1.8005656393679317
4.286877943552237,3.265537495459855,2.169681081659376,0.7357223013038302,-0.2931817786309221
-0.24219003410576623,3.2514982883834067,4.276626565034831,1.8430474967338006,0.7283455702920179
-0.19380793733865068,4.2496194503293125,3.249677051754386,1.8467650028958835,0.7371912698954357
4.286741282068211,3.2730266695348873,2.1889791066655535,0.7301716686241411,-0.2952023850404286
-0.24635436784463735,0.8177578517911293,4.269992879569201,3.1302352315909405,1.845369720776441
4.28244099065064,3.2540571827637255,2.219189321156713,0.7408474750619427,-0.2925897507048743
-0.2617487167819332,0.7350101299800891,2.19918375958296,3.198199390646714,4.273621245669529
4.282651502064309,3.193103520101119,2.2063033078509786,0.7469636532452331,-0.2814673910440236
4.282171428424403,3.2595759069932617,2.1895474499923266,0.7410182593122394,-0.29097646930613164
-0.25112251457603285,3.128092312210005,4.276784518200433,2.02037733803801,0.7611163762561167
4.2816442252827915,3.2588141653507234,2.208670641059392,0.7367094718991023,-0.2907990813254102
-0.24325151607383472,3.2196925532389784,4.278971211766551,1.8129016617388451,0.7482627408685045
4.283588669165495,3.255615101906034,2.1920016773633066,0.7394960685218062,-0.29044155182023973
-0.24156077500886372,1.8799838352398188,4.278962385032487,3.182217933490201,0.7471477786210052
-0.25263923692537904,3.234459282470338,4.278949839326339,2.1090135389004807,0.7235907714744577
4.285492481596267,3.2462473265631497,2.2037391952750447,0.7456521418574825,-0.2924191162123594
-0.25566057037290424,1.8820851628536603,4.281902374012082,3.1102759707628547,0.772936134407617
-0.2511904864351799,1.9055401251475437,4.278554959214222,3.2090541728579947,0.7439371684670467
4.283417161379944,3.263917738250861,2.1777680840735036,0.7401486697356559,-0.2921114655573476
3.070494177383998,4.287133061341215,2.2498911209420567,0.7685064393420515,-0.2927068698701997
4.284736267393652,3.2495419086455497,2.2177873970098805,0.7445646187118313,-0.29385293966309
4.286594606288284,3.247499226720085,2.212334795014297,0.7411657713153463,-0.2931525140327368
4.274002175613655,3.2673633913076654,2.1789309272248567,0.74747924681725,-0.2900718337578362
4.279764416081951,3.245778676951325,2.2217042745670375,0.7491135789956215,-0.2915241719365186
4.283951810411451,3.2473116313065113,2.2197015775158593,0.7474766449704247,-0.2938093758669877
4.280279382287577,3.253691788515932,2.1912661305867704,0.745179820600069,-0.2892944407039965
-0.25259168546044747,3.209085185405714,4.277538906228843,1.8445888273208368,0.7578598710098441
4.28163849759066,3.2493355608999286,2.186264486330244,0.7449169972639369,-0.2884286810294607
4.26997935385339,3.163624232981219,2.1788346281791653,0.7504785417053079,-0.2576779310779981
-0.2529482427482132,0.8176841836073275,4.265800343665904,3.2388317910301705,1.7738759614678068
4.277508815758437,3.111851951954605,2.126701170406035,0.7535472761385679,-0.25494989980977883
-0.2503149950047564,0.787194588019382,2.1657589834988586,2.942501281489621,4.26666766439496
4.288299701994742,3.2725577916907422,2.133607697106944,0.7344468728012329,-0.29474253464406686
-0.24280272344865328,3.085336394296827,4.276153259837678,2.095690240554473,0.7522616982167017
4.270715902428965,3.2526263637404367,2.1664735153760977,0.7401816973431913,-0.2769981357502858
4.2800498999924,3.2484421427237598,2.2012170213840694,0.7500080350668411,-0.2900762285633338
-0.24093351733356738,3.2098178524067236,4.25543903024445,1.8878386919911883,0.7830789254593038
4.278534077317676,3.247806682281798,2.224717525507011,0.7480854608876695,-0.29143144218548755
-0.23325814785994606,3.189811272588533,4.259500478155177,1.828312995737439,0.8030394141962036
-0.24586459094683807,0.83037438734997,4.266248566002187,3.176670861503096,1.8148464182210118
4.276257599566735,3.257333490585062,2.193547147952102,0.7416255715723274,-0.28680361786753217
-0.2462876565239981,3.0517758871899012,4.284261394907274,2.18094933049244,0.7291507890074838
-0.2531218097105809,2.9187826205325504,4.277733959867663,1.889211137768102,0.8317140858964576
-0.24777079407407687,3.156448712626648,4.279178501422884,2.073717214727235,0.7419482631618729
4.272733008538199,3.261859981393613,2.2114958206968987,0.7493621067262637,-0.29097459160359357
-0.24322955488863654,3.0676720727702134,4.278742307431259,2.0857910203274757,0.7498362889028589
-0.2665555543464286,0.7590089953657511,2.2433718957827504,3.220419900612983,4.220109914332516
0.7763451817679321,0.763369951180271,3.222968293506642,4.27365565314779,0.7735150331072452
0.7943878211831032,3.239039833382833,4.275487405845368,1.8048230050362335,-0.27014119480835724
-0.24770269430900885,0.8085706555732963,4.26771889353649,3.1693648999980915,1.8447863937847806
-0.25581883221467416,3.1935281861412177,4.269398415461457,1.9320535602009996,0.7762578417126575
0.8164166884469005,4.286999739745946,3.2464291634460896,1.8022290437579755,-0.2879511249850747
-0.25370432480655,0.7726074901136056,2.132530436836156,3.1880871511732383,4.257186943673905
-0.22992585327205886,3.214063154504182,4.252939008089369,1.8751191159832543,0.7735582111954468
4.2862433455674775,3.2622752136517903,2.1972919625878427,0.7370662471523964,-0.2940483187234546
4.273583731730336,3.2701296669678785,2.1570480519443818,0.7483056708539875,-0.28982093706548934
-0.20556814143316526,3.188932564910973,4.264192478105344,1.8561794441662909,0.7552810272359963
0.7685249539128742,4.27180553013686,3.2784242884008328,1.832070733005425,-0.28704001320381034
-0.22063515869500194,3.1682939633551603,4.282087338277352,1.8539504720731914,0.736303908643554
-0.25505045514332747,0.7773220956536411,2.170446126904807,3.1719640434426215,4.253173424574164
4.287878700576743,3.2572645369981523,2.1789174883133184,0.7395423776458128,-0.29317265660885367
4.276218228464094,3.240072393256811,2.234681394084414,0.7556856565634684,-0.2918983501998254
-0.2332893085939772,3.2151654765446738,4.26991118988241,2.06593346882883,0.7334490000796858
4.276104124715246,3.2190345621787855,2.182153195297426,0.7469209995582102,-0.27578545194054693
4.280143060275569,3.251957681576613,2.1997371726204125,0.750975477191538,-0.29116273941308074
4.2838299171336605,3.2459006394178886,2.1999274894575813,0.7487338624853731,-0.2915775564679119
4.254905720747614,3.182300048258743,2.2108346781843142,0.7677043307463288,-0.2650167014764469
-0.23869369200691862,1.9589324091592442,4.272511284971078,3.1336153712287405,0.762264148134355
-0.2545341566927064,3.234982078261571,4.286734626699965,2.0439722923431787,0.7182320264440755
-0.2284951298757641,0.7902681809173395,3.239513020147753,4.192062415330754,1.9883914249469483
-0.2519599750920648,0.8215855035655009,4.280645951319772,3.169853854327357,1.7735862364959
4.280899126015105,3.1993484486053307,2.1968131317849835,0.7467431773412323,-0.2789024245263963
-0.24847231743725648,0.8039119207955479,2.176073306489626,3.1606171510803702,4.232541715334581
1.8556354334446459,4.260886376332544,3.245827018379438,0.7936238782971007,-0.2669428493175086
-0.22688948990268953,0.812160943127038,4.252404846035315,3.2336446527494465,1.7763149502638433
4.28379461706937,3.258352077098419,2.2020236506856983,0.7443366490799104,-0.2937505294351663
4.269732955647508,3.2407232814215665,2.223583771638086,0.7551245500423753,-0.2864465671936597
4.2734094231379105,3.2419756448708976,2.2227480370309953,0.7540942114010019,-0.288366406148282
-0.22186117039743955,3.1669001516032007,4.267145328547912,2.050437366048969,0.7455253365826171
4.205288081520475,3.245971728770839,2.238646838919138,0.7848549477219877,-0.27885674036974123
-0.25768796428397445,0.7697923358945088,2.2138922423940692,4.229029271980613,3.2076547348442137
4.277801118903533,3.260483407264248,2.2184740061582113,0.7474377260324594,-0.2934291760970271
4.279497299088091,3.249325795861603,2.201225785586364,0.7507949460370754,-0.2901584119306414
4.277997172530644,3.254121493924272,2.2053534915580193,0.750429941549075,-0.2909084374861968
-0.2342379731775436,4.246550514250937,3.253755844873039,1.8714014604179803,0.7492176325866562
-0.23127836304192362,4.270856249276016,3.268183936755076,1.811442656903161,0.7233260044580725
-0.2518476752626862,0.7848342413687546,3.233079803220371,4.242013354356,1.9800911969387722
-0.2602833972105663,1.8097327436043664,4.272547189683007,3.263070801118411,0.7435636517002975
-0.25581883221467416,3.1935281861412177,4.269398415461457,1.9320535602009996,0.7762578417126575
-0.25759322869789364,0.7476391797060663,2.0732633418314035,3.1944885861811976,4.276208452473729
4.2799929676442945,3.238199254647197,2.222224561610285,0.750299101377964,-0.29041877281638556
4.276192925073793,3.2669254723409202,2.1861892499115,0.7504370807032441,-0.29237973588270944
4.283290004283453,3.2414038064111166,2.203222543223876,0.7442590082558875,-0.2891997248249143
-0.25511976867756975,2.025710714399298,4.27927677993298,3.2297927155096198,0.7306772343960989
4.27292492042037,3.2718500408363345,2.199603465194729,0.7429469553206083,-0.2919884354509973
-0.24339456620762706,3.198077912747506,4.257168976335322,2.1513752210365076,0.7507001777553619
-0.231904073334154,2.1052235459175432,4.27363911523166,3.157642177475668,0.7382557340957583
4.28842447892746,3.262132055465597,2.1868398354615315,0.736138313214749,-0.2944891730979233
-0.2512297383287829,3.104152381734984,4.273206871836353,2.1388849415754554,0.7579242384043313
-0.25738089670577596,0.7960099841171154,2.1201201452218386,3.2086081853170505,4.243965638457286
4.28714577506036,3.2422622010805364,2.2063799305324023,0.7419488286591638,-0.29205336837139156
-0.24209251977419513,1.8427632807557273,4.2744236584993915,1.9794434363192117,1.8295526516774971
-0.23753510929734062,4.251142482568902,3.26294307347884,1.8573166708891526,0.7397153812115173
4.280816652215516,3.215403816992843,2.203111544893551,0.7486196069290818,-0.2833290627517793
-0.2568868002101044,0.7928770093569759,3.2419836377190268,2.086664672586476,4.22226360928226
-0.23779301238055445,3.2281641802722887,4.284969742996422,1.8939117827104917,0.7212581270543449
-0.2511522145466877,3.148905124323755,4.2648536319775285,2.0922183395665996,0.7777261357510729
-0.2510967178405141,2.9272728221465214,4.269478635206895,2.0862687709522,0.8156793438258416
-0.25186273822269445,0.7630156746492245,3.2136944889760413,4.272320437566868,1.8629311363354746
4.282155688868013,3.263965012538067,2.1780252848264223,0.7466507317391915,-0.29315963837082454
-0.2182532899049492,4.257881868460713,3.2530571324920237,1.8125580755744184,0.742616833075098
4.279611760165094,3.253926602664209,2.2062321681547807,0.7521806908796809,-0.2923188766991916
-0.25262171425269364,0.7912825775111263,4.2634221520703175,3.2554254191102903,1.7694935558256835
-0.2404012971349059,4.246211560648668,3.265426784198468,1.8153985697547712,0.7519890920394203
4.226513487397142,3.209978969030489,2.2412501066535757,0.7773490878030718,-0.2719579027967221
4.282723787517635,3.2642827523138047,2.1960756829776567,0.7386226003445772,-0.29273149961614003
-0.24167360020781609,4.253576308480568,3.282991215633593,1.8870660843574665,0.7167793444011901
-0.26862117954387243,0.7447674422620892,2.1653956740059614,3.2580028411385906,4.250191160349454
-0.25555508131344523,0.7575511906331415,2.090881715739196,3.2082770714388253,4.2654865982737995
4.215518030924375,3.276911072997456,2.184073256792143,0.7586892486423623,-0.280823853541153
0.7830084307212257,4.280229090711599,3.2595909159603518,1.8282541175863547,-0.2848076371874632
4.2713374734661915,3.2402130196763634,2.230753554449695,0.7539035339732294,-0.28819551454314885
4.272249007553364,3.093773180147737,2.127619737617716,0.7623553061572613,-0.24969118437387686
4.279019144392449,2.9913885034970917,2.1246118584288087,0.7543849557380191,-0.24802932899402563
-0.25726155359572844,1.8342309055603399,3.2627182370530474,4.25354785211669,0.7611708081841684
1.9215824918164572,4.263385573744079,3.2510622220238927,0.7587649983942488,-0.26516930703428476
-0.25458715380954255,0.7978178738509797,4.26820064294677,3.2203342752978985,1.8120347520468985
-0.25547147997264485,1.8175169175824777,4.270256185267525,3.2346947615055863,0.7717167002876856
1.8530984092460352,4.276834188098021,3.255527900064598,0.789384422535491,-0.28343134630748806
4.288538765188226,3.2407051115234635,2.210822699248546,0.7390181355021321,-0.2924521280992176
4.276317024481932,3.2318461314517664,2.2194052382830103,0.753305126827328,-0.2870960082626967
-0.24520554381245657,2.984080602516348,4.247240550221041,2.046796194117678,0.9438511454063931
-0.2482754665307847,3.1826448752699696,4.270323746743218,1.9287469878969579,0.7673261576993236
-0.24492976395435465,3.159418833595849,4.2737668195310645,1.8343327471150723,0.7877040301638203
-0.2370047349806721,0.8930340247056816,4.246420496771197,3.140152322898831,1.871436100733367
-0.2468534091858947,1.790145741287344,4.281492543649224,3.2318803407220873,0.7467647340611786
4.281086762543486,3.218501713903809,2.206799214881601,0.7501550433784371,-0.28519555898447535
-0.24568807084499786,0.8879955548746763,4.268907940052108,3.0148617551625128,1.8410639355376561
-0.24951513146505674,3.179547302618053,4.2639722759191425,1.9424315654170639,0.7862410827476868
-0.2548024774899485,0.8201714608171143,4.273021831371421,3.071768211723835,1.9073161007203119
-0.2391806226035312,3.126069391626598,4.239663772484434,0.8395690173440764,2.077189850659406
-0.2524816319660836,0.8388796555701967,4.259020843792342,3.0922045837762218,2.053318251886181
-0.24363661927427907,3.0912322471025546,4.281586550744965,1.8592281202537133,0.7655439032681237
4.267664390422723,3.234272250856389,2.217840214700796,0.7622171082613403,-0.2845897678437587
4.289561657099308,3.1628767915829976,2.145949019205162,0.7407956620837729,-0.2763826430577288
-0.25251019383356327,1.8511382247884376,4.277760470033472,3.10660813483639,0.798047926814871
-0.2323373270070889,3.156478323930035,4.271385655906286,1.8381643026183918,0.7769854587305131
-0.2518756172411274,0.8090112048865123,4.266841271823921,3.18216585076531,1.8534759622403458
-0.2405602377790984,3.099660986611665,4.2846603519267425,1.867272280897776,0.749579332587626
4.2842126666646845,3.251501894200347,2.2076452910459397,0.7452594575165213,-0.2930280856202827
4.272107298838607,3.2440347698526906,2.2235025586099186,0.7503385522012661,-0.2872180398631199
-0.24565743975247376,0.759751422526646,1.863130245982294,3.2585902286911237,4.241247066930687
3.1733324977402244,4.281333066934448,2.254807013242634,0.7625597960163253,-0.29298951691608904
4.286506437811246,3.2305876465780976,2.174144804562301,0.7409669406602543,-0.2855115589043823
-0.24819537362086092,2.9081793224653976,4.269455050732117,1.999452413089675,0.8401685987944064
0.8163988137136531,4.275721857415528,3.2514983299528035,1.7816562891739893,-0.2752016843532602
4.1847756152237965,3.269726031028487,2.226096513740325,0.7713972288955101,-0.2813304417404745
-0.24725037491011118,1.9612277037062011,4.2730726840526625,3.203256359714181,0.7481612795679604
4.286881288189096,3.2627591216123113,2.1837873667224685,0.7384917935407452,-0.29405798252057214
4.285814500749965,3.222489800070795,2.197925699645101,0.7458097270999352,-0.2874949446406357
4.26494953877926,3.2145347625572755,2.2183352121759397,0.7583999606807889,-0.27726564333621256
-0.24552593645696255,0.7850947648646542,3.2111187519148356,4.271745389982293,1.7984750706383017
4.282092954375054,3.2481692857070197,2.204803225892802,0.74057074794184,-0.28890296572895574
4.263205328115397,3.264977946681417,2.1895955661172932,0.7442412898362518,-0.28322149294782295
4.272349323186508,3.23810014310224,2.223564358581502,0.7548192550055833,-0.2871745679756389
-0.25446598476379084,0.7707801215520647,2.036153023242084,3.1884214163582585,4.2667497662481
4.288001755351302,3.2533790141011814,2.212703759574642,0.7362542894081776,-0.29409654979080135
-0.2361823512300264,4.205743396991132,3.233218816460031,1.8402516677331717,0.8762203434802673
4.2825689040030435,3.264041720211552,2.188413466926718,0.7399698465208826,-0.292331218483664
-0.23509578158375175,2.9748208744006015,4.269190849424081,1.8842260422378259,0.8188896659397322
4.28013880294516,3.267820550161645,2.184360361966914,0.7412404587020491,-0.29229289618509074
-0.2435898047561918,4.241944906326256,3.2542981467356227,1.8588494456978002,0.7642404711967822
-0.24400371274703153,0.8805033039213023,4.2432496274301315,1.9240828893299609,3.156496628690969
-0.2518251791245111,1.9562428437617267,4.263495309591974,3.1591418042774864,0.8029506253123504
4.257913340348952,3.2504050830232463,2.2279145553813193,0.7627915627308128,-0.2866055501663643
4.268896800452232,3.233186195552616,2.2227911065986024,0.7578680388728264,-0.28475668713447927
-0.23936501254003056,0.7817595422170621,4.244237079392007,2.1241335444649834,3.1752701372868195
-0.2555668266806672,1.797392217500344,4.27357464255721,3.258376409529048,0.7462443123243253
4.27896712619073,3.27493284374367,2.1497906629714905,0.7411114294569905,-0.2925710278476731
-0.2296769408428951,3.177813742198854,4.2605857527079145,2.0298203735348443,0.7590563994337838
-0.25356149415677504,0.8456600437030801,3.240818053091938,4.195249431054061,2.007765016292812
-0.2528383928601152,3.1218571532332153,4.285627160694705,2.0064037647207194,0.7417083069926766
-0.23558781937939158,4.232534705039694,3.2698703941874796,1.8407090969191644,0.7453967564639776
4.280346541497855,3.241256883686316,2.209996988236329,0.7485644329248452,-0.2891456352329586
4.277944301792694,3.2212845014181317,2.180217982256857,0.7519206387561419,-0.2800856543519488
-0.2525075668126884,1.928714096793068,4.268951136748923,3.2036878530190243,0.7660980038499341
-0.25247182502705545,0.8274216621750086,4.269228941870195,3.1093999367049543,1.8899956664298667
4.2833938931436695,3.2107277504919085,2.202591029606881,0.7458289347436133,-0.28382064146358804
4.284489136843563,3.246172267719761,2.2088732417553922,0.7427084484193219,-0.2913699733094891
4.276216862649892,3.2654251849244234,2.210960696036612,0.7397457363461448,-0.2911780354492556
-0.20249797266900005,3.2164013567783925,4.270078558936684,1.8506589204339319,0.7366806608692928
4.282022885094131,3.2393388370754512,2.2189294809335176,0.7465313138132743,-0.29050294444874625
4.286598343332892,3.224965261182923,2.2091256077609405,0.7455053157401873,-0.2898398485688544
-0.2576409242921384,0.8399899990532563,2.1987751218631835,3.105884330078972,4.2348364969936405
-0.23303056781287645,3.2189212510862184,4.262809979262185,1.8685165241462691,0.7576084688581727
-0.2221890816856517,4.26870072594756,3.2295899057033597,1.8702345373548641,0.7370815238148367
4.284742408388528,3.243998319522783,2.2075889954073857,0.7424894187917396,-0.29084845172416046
-0.2502640645196632,3.1278686716796575,4.273694158537613,1.9168651323895463,0.7829518745320361
-0.25394650106103234,3.1046527142440437,4.283855801883925,2.0005668516438795,0.7500509464667295
4.280741860601344,3.244400266377252,2.1842640866873273,0.7478010568305362,-0.287126803671785
-0.2383096626248239,3.1367487157576566,4.262720106081572,2.1586067827678983,0.7540177441662932
-0.2524884240330808,0.7590065286336287,3.2513322603460173,4.217045631679813,2.148305688975417
4.280232473790551,3.2542332618279484,2.2257879488587267,0.7442869778941711,-0.2931557074072632
-0.24787781510073473,3.194259527837618,4.2761700786459915,1.8909449633297908,0.7534462974529607
4.273669013053413,3.280253728509604,2.2091275148782703,0.7373390520526707,-0.29559950304966925
-0.2527932129383713,3.083334830971374,4.2725284547708275,2.0364619190086066,0.7857374996342992
0.7614194233325348,1.791758436337426,4.273177233812988,3.254108851571309,-0.26032925775949683
-0.2522201611105144,0.8304600732727409,2.0850379024962655,3.164338761706703,4.246292764711382
-0.2566965726395269,3.165970183061904,4.2794082391616,2.1234585423578194,0.7422213298005038
4.285859285634395,3.248371505245867,2.192610287007109,0.7458872129567994,-0.29221034761476666
4.274241155426313,3.2713691275967207,2.2051356301184155,0.7338940572857204,-0.289829774725045
4.2871275859225575,3.2613256092738605,2.187112277453646,0.7362250654095254,-0.2933209767562585
-0.22834740229148556,0.9368817820955049,4.235338082942751,2.986869541536728,2.015295991991332
4.258543235822186,3.247989195449402,2.223336402864255,0.7497854457028963,-0.2811091243189865
-0.26082321983829154,1.8090615706091384,4.277424648862995,3.2683957769931915,0.7313003239115765
4.28894310434658,3.204374327543599,2.1731516980809387,0.741180193920314,-0.28359301071581583
-0.25209562723962176,0.7933648959137197,4.263644599117264,3.1863001055600173,1.9199350700156363
-0.2543437047304575,0.7565527653594738,2.092252413567411,3.240917725083831,4.24870528161739
-0.2610602197199584,0.7914805008749535,2.058427884722317,3.235091431307576,4.242686015834607
-0.22697084643344448,0.8260810599104632,3.2479734426799682,4.229483228399609,1.7820122819287934
-0.2510180176231782,3.059137082675746,4.278274061495436,2.1345080771875184,0.7522069188099292
4.282829994554958,3.257415543843888,2.175697821900084,0.7380695399203538,-0.28851344554862
-0.2541108808653809,0.7472080334493579,2.1510087466488916,3.224622390180893,4.258456325193826
-0.2595256922715836,0.7616311701856201,2.115076185152187,3.2279224976403684,4.256472578132066
4.265433527015187,3.2408950672699364,2.223438227515216,0.7562440020820613,-0.2845091690494336
-0.2379739632097877,3.1725548968991832,4.284491792293759,1.8611697148478443,0.7377592749809441
4.289500523079222,3.260679778508967,2.1748096595446875,0.7348878967621155,-0.2936947175329868
-0.2222215382072017,4.249473617074674,3.2664901095868775,1.816959234277845,0.736933710496446
4.275860916812175,3.2251440663358557,2.20358376503894,0.7445307547320836,-0.2792996541152568
-0.24120950518269577,4.27987572511012,3.2628835111820598,1.8583568190904238,0.7170973339874573
-0.2564902238153451,3.1580803333541545,4.288962903801204,2.1449251906354863,0.7236867948451005
-0.25494175619483306,0.7413073293206321,2.171575439235517,3.236550903853749,4.25421604867147
0.8080975960679638,4.2569722790561375,3.268811230276324,1.8519294918575273,-0.2810482657491709
-0.25307362622885216,0.7880337247700379,3.1963446381760803,1.8840435286881165,4.266664236912751
-0.24342585513325465,0.8628210195100902,4.243192181761486,3.12078936664916,2.0411023109070103
-0.25350307805532235,1.9113111500196553,4.283811324633124,3.1893068100229542,0.7406198712144074
-0.23851233536761163,3.1552408429952115,4.2886479857477084,1.9627509613517302,0.7252484382375821
-0.24860731714231615,1.804214234028856,3.254284056081932,4.245229125537003,0.7928087188856618
0.769455590103858,4.2867786027899015,3.253022095751047,1.8189779885634092,-0.2848777978704327
-0.2427189703340797,3.080244137878824,4.252629391834601,1.9285311348519176,0.8895030599044214
-0.24664625291729905,3.1613465071734463,4.278373274773303,1.8943094410377905,0.7569125448897331
4.285612602043615,3.255193461753996,2.191633254385537,0.748506893638001,-0.29425716598627605
4.283464671037634,3.254965933951669,2.2078485240195542,0.740856224653416,-0.2921864678691087
4.271982469914082,3.1942539301558606,2.2315104419754763,0.7508928790873531,-0.2790975520452637
4.278773172176866,3.2408111766116185,2.226922421371424,0.7517611179718412,-0.2912856063801677
-0.24098480902109737,2.9283008837704694,4.281481660485598,1.93359529147726,0.7677912975971412
4.279696726510553,3.2363335520204912,2.234602784600201,0.7552542974633986,-0.2930003516143332
-0.22434987967718448,3.12020300162271,4.266205880432423,1.862360104887603,0.7871012719598942
-0.25033718831095764,1.8748755915272277,4.276973037859122,3.1499366481796995,0.7736868942437289
4.2570538097404835,3.2748080132697726,2.2000778785170594,0.7472607341832553,-0.28847584472981636
4.283504891620476,3.192649069044266,2.211376874327745,0.7521266534803679,-0.28496630161332637
-0.2549862101544696,3.1685156420774354,4.283576498594452,2.0504675683086506,0.7384202482600339
4.27046355981718,3.268115841500552,2.185996265318402,0.7424805366027261,-0.2875377442272852
4.277455760642639,3.274841721786498,2.2062800349437617,0.7317500077595118,-0.2925145643334986
4.287306150044776,3.2112644949157687,2.183855879780933,0.7466464715521952,-0.2859516594622214
4.284677596113995,3.255211762817397,2.208795872780935,0.741279774696258,-0.2933018917677406
4.272039244839624,3.2551247340190477,2.196897970053549,0.7383220818713248,-0.2819851968230072
4.287933155300979,3.2493059348439504,2.185517353201708,0.7443082624127435,-0.29303139095132397
-0.24950340263416315,0.7713816702001692,3.2347084641486696,4.246568479638542,1.9805210430999318
-0.24375574044105744,3.1612536290395776,4.27109340505417,2.074940733948687,0.7529874846714386
4.282829139225989,3.2430224697049863,2.205740048276955,0.7429521047328617,-0.289089347727164
-0.24292539471561106,3.0246367588504137,4.274564798278833,1.9003831672471678,0.7929983357508745
4.216486291377713,3.2703788968346537,2.2125370236549164,0.7479649505663621,-0.2759304145424994
4.27870337370442,3.2376299379115485,2.2065266933999514,0.7525312881078531,-0.2878657810271257
-0.25502123401466836,3.2345219019742504,4.2786251962934125,1.87254955109679,0.7392748414727963
4.264127635371493,3.2470367225792547,2.232679498417969,0.7498236652430448,-0.2855942857703567
-0.21964493276188082,4.237303795582262,3.254525929755186,1.8901976778443954,0.7445907599162531
-0.23674267044977307,3.151561891638779,4.246078129860723,1.8979977200741485,0.855835893557225
-0.23528633036665128,4.256456025144364,3.280728896623222,1.8046177585023078,0.7235837834991293
-0.2549563333465569,1.8216347531869934,4.279441884079014,3.236183379914838,0.7457968766855947
-0.2584626516618128,0.8218877637188384,4.270354790322592,3.1703784464995284,1.8583732324483038
4.284496164472776,3.233855237866867,2.2144023342020906,0.750252581502855,-0.2916200351913922
-0.24801575706759754,1.8396397709489796,4.273148373600935,3.1516268991222893,0.7979576482433435
-0.25715498099333267,3.096199850551524,4.2810736276962595,1.9152263596741863,0.7753390675311154
4.2820484983892735,3.2553619779872287,2.1985021757404675,0.7478168990537472,-0.29237997861286535
4.255547935807548,3.2643226158428305,2.2003772030107527,0.7547491880333986,-0.2845877377392693
4.277728189219711,3.2339440237462784,2.205225581633401,0.7476926696526272,-0.28457568737301836
4.287493400707807,3.2331756569932972,2.2190759434165446,0.7430021746104946,-0.29243588566011375
0.8268504373421998,4.276177911072297,3.2468937327780774,1.8856649137006527,-0.28628745712845993
4.278328965304627,3.2325436543287913,2.199252218567662,0.7508255755719981,-0.2849725549999529
4.285311117902506,3.223600851512834,2.2049664660175745,0.7426042790972042,-0.2869473467663918
4.280777627223778,3.2074663158960437,2.1538361189756756,0.7462386478813766,-0.27442734307300587
4.267231383950797,3.254256827564898,2.2180213074206794,0.7494235618797499,-0.2865226945851596
4.274812970019063,3.2418854306034808,2.225290015406611,0.753931693617862,-0.2895110855580114
0.7735243151639422,1.8953909228361885,4.2693571354407664,3.207963017314747,-0.2556746601787019
-0.25060309651166207,0.82855471203608,3.2508164513354765,4.237118122569807,1.8046450528210414
-0.2588379201308241,0.7611510884815836,2.225488228215182,4.246281709666652,3.173266898629891
-0.22216955645625797,4.267413094893276,3.245483036358078,1.874663293390093,0.7301613809704278
4.2804227791241525,3.261912061116098,2.1993020932327267,0.7371494148402932,-0.29018213947488053
-0.2564866699396375,0.773275347110978,2.0940393297204545,2.926655417491137,4.280868500040913
-0.23493033308068215,4.236149983055265,3.2600840092725605,1.9249715501670492,0.7441371280049678
4.281471483621841,3.2254002206307617,2.213786368799107,0.7473098696875121,-0.2868467994502544
-0.24225015110639236,4.235976159363598,3.2716262493302835,1.8164721340057126,0.7512493386839212
4.2694333234466795,3.2350466930572934,2.2115900842003273,0.7535302793050931,-0.28211820326409043
-0.24601652800330465,1.8173712591704356,4.264335017559177,3.224524126173816,0.7830071645774317
4.28111049051314,3.228828776226057,2.2076292297461797,0.751538396891845,-0.2876511510191408
4.281531129041899,3.2248136974959998,2.194211460362002,0.7522677207341324,-0.28577082443787805
4.254599387160804,3.2732557559368867,2.2333656522465724,0.7513089535471154,-0.29257515701623066
-0.2358066945157867,0.7946976594484645,2.210137799538193,4.175276940010396,3.182280140605142
4.2835218049201025,3.2604734769323644,2.1701128378687997,0.7424693019980017,-0.29120178180772915
4.283625851271761,3.2515299159813735,2.1880223035941566,0.746408677779384,-0.2911097959006434
4.279750012124854,3.2411730383373327,2.2229675217504132,0.7469455809528587,-0.2900758534797651
4.284722580102129,3.263655806203803,2.1938438143523378,0.7393960406358078,-0.29387440105777235
-0.2586636505431947,1.860369140596209,4.27781503608419,3.1834876937189196,0.7761868013556557
-0.24571266177345766,2.98622828701735,4.270638800073313,2.0922296878847244,0.7835460480094933
4.28452761084472,3.268530045770402,2.1987613168967566,0.7384719929701179,-0.29549057978294213
4.283165546039351,3.234021850371538,2.223516325849091,0.7581418925971846,-0.2936138712842094
-0.25980269654857513,0.7682910007954116,3.1748201421810207,4.278238075191486,1.915480492601891
4.2856527742593995,3.2377987763947047,2.1657236194699276,0.748917556370065,-0.2883867720500463
4.273448525168903,3.239065682842793,2.171492440843339,0.7515739534100669,-0.27988076463749506
4.281808816869225,3.261408414908674,2.2029381889850375,0.741006433712952,-0.2925650476837256
4.27942857779129,3.038723915841088,2.1234129357793448,0.751152765832309,-0.24910867414191656
4.287618591558693,3.271996628306523,2.1513373454977094,0.7360069451459874,-0.29523987679626024
-0.2537909608409362,3.105468979057383,4.278347416452411,1.9859147518056717,0.7679758354405953
3.1460530510451994,4.277093188804178,2.254346322780832,0.7778641020321906,-0.29129494199571326
-0.24097569785152106,0.7895385268722533,4.264725408738142,3.1831878544221643,1.8564290664098573
4.279302904177262,3.2628861918908156,2.203356004898613,0.7445695504410773,-0.2926171908600404
4.286688941009298,3.2654489690354835,2.174939340226982,0.7333305439537032,-0.2924877982339578
4.287503297734101,3.268304673258807,2.2016790946279694,0.7342583311175912,-0.2962942614044191
-0.2406535194814548,1.8508958217129905,4.271330806996276,3.2241498746913213,0.7495207375228997
-0.24155162495914817,3.06178124614814,4.25624114396133,1.8724916428907319,0.923070122649601
4.283316292393558,3.2618944978638753,2.1841595691365536,0.7386736898456736,-0.2913292900014114
4.285831995495336,3.2397817595174043,2.210756435449745,0.7447927972764778,-0.29183897037919737
4.279501855038203,3.2414756915153857,2.2175991393903693,0.7512672951821199,-0.290383814002218
4.285378015165665,3.2581100228586166,2.1849922465952454,0.739649713043582,-0.2919869367334818
-0.26286565641333887,0.7577327808461998,3.263905278419132,4.271682021330604,1.7849858073787046
4.280554304256901,3.2522019638277198,2.1984574946107087,0.7419540009852057,-0.28869921889298816
-0.2545936375584547,3.0992497360205284,4.287256995101427,2.1235351092742203,0.7331493900743429
-0.24144473193834584,0.7653400531847184,2.166695829223291,4.240988838621227,3.19419557390128
4.282155193963021,3.210168784396216,2.2191721898509917,0.752646234282897,-0.28743585587865095
-0.2416807078736985,0.8579143815439316,4.252037615875353,3.159754525901876,1.8698253749468303
-0.2430533106046677,3.103733406209063,4.270556507243453,1.904250721090723,0.791679749444222
4.263049089013834,3.239002499191066,2.2404227196832744,0.753261925308227,-0.28581381430053465
4.283944036380328,3.227773234800651,2.2032468030690415,0.7470171287993559,-0.2878007410814957
-0.22469429021803272,0.7879558729916126,4.268857067405385,3.141872629629004,1.825825384132968
-0.25952110907525583,0.7610244215561818,2.2275735784545314,3.120129911561148,4.2564108816663175
4.280829252868864,3.253501391914401,2.08735169073789,0.7405295808362431,-0.28097512832803656
0.7888389076257032,4.267801319620915,3.267434405869411,1.828171546841337,-0.2808606700090612
-0.24816516464840888,0.7640942911178662,3.2450487162678474,4.25864235164759,1.8417982131950537
0.7883624498181873,4.28095630165264,3.2413109429252813,1.8607285692805722,-0.28228441100868445
4.280967035157345,3.258093637926316,2.2165262513975614,0.7421048356131412,-0.29283495008194343
4.272844290668971,3.257496474371472,2.2221793146274376,0.7365977911309686,-0.28663679008334886
4.278511571653059,3.2418174823053265,2.2281568336479087,0.7537548058574689,-0.2919994180362187
-0.24870467134881433,2.931923470414358,4.267735328337137,2.140182579685723,0.7942924079422171
-0.25567219857724344,0.7645395759219339,2.205578013298473,3.1955685338365316,4.242486799288239
4.265567385850249,3.2440884061335415,2.209123338926065,0.7628191302601096,-0.2848191414275538
4.279524923876227,3.2262369226140013,2.219530850518585,0.7499007419124908,-0.28723908573585444
4.285440816746835,3.2727232588822797,2.1696232458641735,0.7275219437322098,-0.2917618074816374
-0.2500813577100963,1.9428072244160652,4.2729722550879154,3.132424166510042,0.7788841209992834
4.286786724101563,3.2639935676548824,2.2043734804475275,0.7351953215275269,-0.29497138311360926
4.281460082561327,3.23355078763245,2.1971672076346924,0.7454294742403669,-0.2855941965700985
-0.25584642089407306,0.8721664930737938,4.274289323551376,3.031410073521373,1.8492473822248925
-0.24276086449806877,3.229145273525759,4.2684775479156745,2.0514191281970446,0.7355222545475739
4.273853822469562,3.2539535373195965,2.2045614338121156,0.7522965986914248,-0.2888843178204222
4.280989749190668,3.256902804828852,2.2058974311585704,0.7461662987846356,-0.29244478077818364
4.285792603153929,3.249276171046483,2.186869154432493,0.7418351615881895,-0.29069927001086643
4.287330147570204,3.2558253092786344,2.1904061096591456,0.7378654063474921,-0.29266786781526466
4.287294707730318,3.25614531033593,2.192369953043344,0.7397182631717825,-0.29346308027605583
0.7910567526582419,4.28123362226872,3.253437883765091,1.7943677660933588,-0.2802556497442711
3.0110025385160935,4.2839091178926045,2.2477701838174675,0.7717904775371764,-0.2889087939404859
0.7847212394574934,3.215945537129557,4.2788984283489615,1.8760083445011835,-0.2732436811160845
4.277426684681118,3.2124574938330075,2.204071107972538,0.7562725827516228,-0.28266488169401094
0.7856030925589788,3.255243905008209,4.279237100266754,1.8780560577189762,-0.2860585959826356
4.2828965519367275,3.2132068882241747,2.2205289379860194,0.7511567610160184,-0.28824880465072444
4.286384788254608,3.2531213827313654,2.1995822619561687,0.7412198563687296,-0.2930598248284479
4.280170721765452,3.273809390235558,2.1788830359814195,0.735893961383413,-0.29274822559743174
-0.24066915482243076,4.238927717046175,3.254838518557365,1.8676382466057941,0.761320606915386
4.247743868414479,3.251555643415556,2.190599434931935,0.7659590326455605,-0.27730066403165116
-0.25715498099333267,3.096199850551524,4.2810736276962595,1.9152263596741863,0.7753390675311154
4.278115914379375,3.243833245769708,2.2338369461226844,0.7495051948538485,-0.2921171921121692
-0.25505780631785846,0.7767788201214734,3.169799863252138,4.2768151774607075,1.8686317540986128
-0.24073210949775828,0.8781040514442564,4.237338160731763,3.1046052286774857,2.0659059070013353
-0.25425178908988105,1.8264168012647672,4.279714311767379,3.162781936471127,0.7828311663492965
4.239283469053726,3.2303239047120766,2.214000127803117,0.801354161084501,-0.2786760093480302
4.277015570819877,3.248691568872883,2.225776192963878,0.7452403265582963,-0.2901206577924303
4.280338147934811,3.2684747687835802,2.17538578418879,0.7366639392426427,-0.29047511472819765
-0.18883397970290913,3.2096189712219263,4.245798969367569,1.7997686404676532,0.7905250339653844
-0.21090175743303755,4.284037248511589,3.234378010614602,1.7788755567159498,0.7279735585179522
4.2807020223780246,3.218818646657964,2.1996917120042223,0.7518253039007393,-0.2844873438414493
-0.253402029922988,3.09855536605167,4.2732835940204845,2.1040363022575153,0.7690982123662179
-0.2466809482337023,1.9244400820598022,4.2622289283505,3.119212004399741,0.8250364358495557
-0.25193691715188976,0.8157181552784891,4.276533017605475,3.187908533121269,1.784489795147931
4.280114546737987,3.255737629340376,2.1703780523071234,0.7455547913818834,-0.28816242461850994
-0.23685891900239306,2.956827272301366,4.272855377840503,1.8941905408332655,0.8031295943510444
4.2745530166785715,3.2649863754244604,2.166051211461922,0.7451211317985469,-0.287619893527726
4.284747504210403,3.260701781536952,2.1859446548113555,0.7412942099922217,-0.29290504816131013
-0.2363070103233183,3.030079131865417,4.2848895357188495,2.1410667408469957,0.7298192255779369
-0.2435985666613487,3.1907953193084087,4.256960720189885,1.8312467448979208,0.8364647229550309
4.2834474020318885,3.25130553258413,2.202965964299717,0.7383309629320578,-0.2897668063766315
-0.23891725210732,4.247232410595644,3.2701579175271083,1.818593112401173,0.7420264858304528
-0.25267832030390874,1.8734803183308988,4.278982355355947,3.1403312322403383,0.7736589599753081
4.281982414654128,3.2583548380526404,2.170211093686752,0.7424811135968704,-0.28937976143863425
4.25510784119427,3.272463111115528,2.209030506675916,0.7461061782115249,-0.2871836600082764
4.28744249558613,3.2291357505313734,2.203886121191828,0.7417094845060455,-0.2894494803985338
4.288628678805454,3.2522595848199276,2.1843089279669328,0.7377920876046345,-0.2922725252980021
-0.24342127895339774,0.7710013053010104,2.2170066057372066,3.1906632463222317,4.209889793061053
-0.24799549252277886,1.990875720517975,4.267577185632884,3.1716168743333673,0.7709549443260013
4.27853635203507,3.2101873237500134,2.2288088812643125,0.7545602743648161,-0.28694978855593756
4.285858234298624,3.2496344114661704,2.204120708437993,0.7361354694747444,-0.2905168478300921
-0.23942411992800744,3.1189009425308796,4.2672758062724645,1.9787323155437087,0.7784140120066649
0.7554568928880459,2.111563077421559,4.287542149151939,3.1796217582921726,-0.27954278235364066
4.284730079934439,3.241850396639259,2.186080682952623,0.7445321376120462,-0.2887981179063985
-0.24290934262484873,0.7974537411521943,3.227470865263674,4.259948598693752,1.802388649572813
-0.24664535720950542,3.1269792869680053,4.281088233856903,1.9331449768850617,0.7521490591244283
-0.2451924650162557,3.1424709279604994,4.277064456963531,1.863449674588813,0.7710074952341359
-0.23931457234764075,3.207566709683703,4.261909765846698,1.8418679843935162,0.7828333340747109
4.270365816880882,3.261632543907309,2.2163736640411202,0.7446206291022827,-0.2889872853693978
0.7978844264301204,4.253924270269396,3.267473437289738,1.8714491148467165,-0.27860663612539727
-0.23207592895087154,3.168101219536358,4.278289222874483,1.9977376421980404,0.736484350515219
-0.24630253800878896,3.000117726456237,4.280137729547798,1.846196922673101,0.7958768453157644
4.269412960134185,3.264896004748862,2.1857310903821885,0.757967482678793,-0.29000302337290584
0.7732197907115581,3.2241652521839472,4.257904470374013,2.1609123148212097,-0.2701720271665225
4.272351640493664,3.263660869378674,2.207083677060694,0.7465889949405313,-0.29015525829843736
4.275801355371237,3.2175904765116043,2.223287888541249,0.756190491536604,-0.2855742465460888
-0.2476356257501896,0.7956111740956969,3.247895237009672,4.229895793152413,1.8687745339324586
-0.2562101727432941,2.0311971229162817,4.2804024901692985,3.1877538688766216,0.7429724356818119
4.269001284330779,3.238060650436839,2.210334227214959,0.7525810142723657,-0.28213315199065003
4.283822186145521,3.2349418567721013,2.2192023311535802,0.7437366221431656,-0.29013229200526014
-0.18709221873487622,3.0996849624236855,4.256218866350742,1.843955214781219,0.7953812652257763
4.288816612733344,3.267418251128123,2.180212707058217,0.7301160353657483,-0.29397054599599765
-0.22457751288524463,4.273672489477409,3.2638122089665282,1.8450597154794415,0.7183595579455222
4.2834978431658115,3.2507834645845213,2.195320875006358,0.744752519890963,-0.29099492631017504
-0.24419282962051791,0.8036338067357174,3.254982995818979,4.238954503373004,1.7942255416646953
-0.25566950309914116,1.9164763589259315,4.255433906174442,3.182678575987831,0.8453751990892054
-0.23837736092247913,4.266633912705659,3.2555578527906404,1.9663839851470803,0.7255508712737307
-0.24693184832296738,3.1931568187803396,4.278826139793829,2.0671765823169306,0.7348637940418326
4.283827636477488,3.2241151312858136,2.2041586039929517,0.7445605425477767,-0.2862947662063588
4.2795647274181885,3.2386552750588757,2.2256923102958024,0.744569296448075,-0.28911278992778167
4.273222724122857,3.254451695609309,2.2346505055891894,0.7577122512009973,-0.2940609505152401
-0.2521613539647525,0.9062979630758251,4.2703102424253,3.1310153842148596,1.8033288057957122
4.28317703538091,3.227621393083089,2.194977784337178,0.7387560468253156,-0.28270921689872586
-0.2556849510570222,0.7566038961958533,3.232106990006069,4.257661855431188,2.0771571960664224
-0.2501086238349274,1.9472724897835563,4.259871488794397,3.1694098404915096,0.8068496111783227
-0.2492966381198435,3.234149608463065,4.269981640997696,1.8660319913467587,0.7503366582454801
4.281892375738426,3.2387718758606137,2.225960789185564,0.7448755479604321,-0.2908560439839482
4.291078781036633,3.2573134726329567,2.149423676769921,0.7383904595258084,-0.2938320354338597
4.150177349720653,3.2463329646377366,2.186090694574503,0.7767130370566866,-0.24755873925247554
4.283993377537919,3.2649576448126334,2.1770777341057213,0.7350828122174049,-0.29109641297312283
4.280023320722535,3.249297760374283,2.2115562687694177,0.7509080539178238,-0.29166493396134874
4.278035040373791,3.2464761417692443,2.224499922544538,0.7533884331133325,-0.2921032192582623
-0.23772637600371185,0.7922469387829402,2.162230748067485,4.255571527057987,2.9713861684453957
4.280434261869531,3.24412483704897,2.2274776016711253,0.7474353985874724,-0.2919758292639521
4.28636956874835,3.2304689679132936,2.204378569343526,0.7436804424551746,-0.28944388339349425
4.280299468847555,3.2369971544435203,2.20380201637269,0.7527626905960167,-0.2885733714693835
3.033778552995634,4.288097797720405,2.2238131535798726,0.7420109391726657,-0.27869786915390715
4.285329244822183,3.2540780551506416,2.1706836240328773,0.745827638878048,-0.2916053081253135
-0.2494197512791069,3.1852629123328957,4.278571586599841,1.9116442400321507,0.749892934290943
4.276333369128712,3.239135462225064,2.2140911194123842,0.7496618665477582,-0.28681569932471224
4.243860834673662,3.2365839223715707,2.239967909168098,0.7642806498032026,-0.2806428744211175
-0.24620326164690262,1.9133131694248982,4.269967033252285,3.145198071342123,0.7834194737333666
4.284101326878503,3.2214952247367408,2.1936446872713815,0.7497715283773675,-0.2865590583525832
-0.2526971204469091,1.8579032483180402,4.277212779246086,3.231113483016239,0.7437610233938325
4.268333585628008,3.232552893578087,2.2251078908673816,0.7511006467568068,-0.28258127419276124
-0.24362989584588507,0.8416482916208624,4.255052514338496,3.2066475568440147,1.8136101652564514
4.282589790203177,3.258961146927148,2.1886660709321264,0.7459467148828413,-0.29243642738719194
4.281404939277502,3.269601442746213,2.16799648320711,0.7396946119266424,-0.29218596242710165
-0.2636622011709069,0.7867188626218757,3.208724965586467,4.26958042806538,1.9149383391564003
-0.25208477081286695,3.0968660477873193,4.276978554577117,1.9105315824326272,0.7834195638294247
-0.24924753692824528,0.7715857959113732,2.205636122653348,3.1596939979407432,4.241028569201076
4.287835782340291,3.240196635187802,2.1972522009031015,0.7402647794950907,-0.2907391130540731
4.288806042301775,3.2495637884754793,2.207532796944893,0.7363316119013652,-0.2933178387075781
4.280420269139716,3.26166029147251,2.1702249438697505,0.7437452085488117,-0.28987072789993285
4.281778776647865,3.261490059366881,2.200035437168818,0.7404302775961937,-0.292115407656955
-0.25564156163883683,1.835295981523599,4.26939947033386,3.249670976852152,0.7514668488837334
4.2741889456920426,3.2096439304201154,2.184621605905337,0.7483020044823823,-0.272607160396774
4.282782303230596,3.2525545092061177,2.178475167534511,0.7465646387996303,-0.29004897185751427
4.271517587366545,3.2415405645329005,2.221273350284818,0.758273612535139,-0.28804102024462197
4.278168619402476,3.236830305288665,2.2227166980816033,0.751770442241799,-0.28943473500937994
-0.2368626685454894,0.7542791986165911,3.2441230988966994,4.254666657241019,1.8611586007359928
4.272918170785656,3.027147976364764,2.1654672423618853,0.7553857062044922,-0.2464049556462326
-0.23789233611446495,2.007180517637908,4.247038898058262,3.1197685800205615,0.8373435824449732
-0.25138235739876946,0.7878991197959049,2.210688022437441,3.191291309395708,4.212227934023008
4.277251047737806,3.2429215158646185,2.1910804460644178,0.7550770724194941,-0.2870590856054735
4.272058683012668,3.221480345509448,2.1899433880627255,0.7518317319332657,-0.27616550220619535
-0.25095238158761085,0.7432150806930572,2.19658855976066,3.239630525275733,4.235461304556222
4.28768050539714,3.2521321892384156,2.1812041286394863,0.742040849002163,-0.2925598822693694
-0.23676733643460632,3.1650004628190835,4.28112636734274,1.969320274655991,0.7359407016701596
-0.2535228148099937,0.7552488324873574,2.1542752889947576,3.2142811810759144,4.255416332006445
-0.22603511084057365,3.0985775092809074,4.277076500309306,1.9796873607236973,0.7465333350433292
-0.25499357097097053,1.9074346173554426,4.280416114316781,3.1173229678148706,0.7707405178617683
0.75858630955446,1.950514644015556,4.284599646976352,3.1965300064366744,-0.27245931950667557
4.287308955536797,3.268919962509413,2.178253759543105,0.7383347667295315,-0.2959465723160981
-0.25773792984503857,0.7559400408662771,3.2329079309687287,4.265554859575654,1.971384817020122
-0.24718809550290402,3.172323623586794,4.274222939069577,1.8807577677835263,0.768198864155619
1.8604366281833857,4.278105969438734,3.2326490184637433,0.7979468535438041,-0.2785716557194363
-0.2603510785136478,0.7569629222643601,2.0503331489838192,3.171140470927016,4.2780161064881375
-0.2565700323027584,0.7763876768326748,2.14817287259169,3.1567826027868056,4.262291774096701
4.286642427423862,3.2466164923817673,2.203214502808109,0.7425777662651651,-0.29245228284478164
4.269994303817478,3.2477849047506546,2.2340123252687527,0.7534124417959759,-0.2898886260714744
-0.25689066401606164,0.7438582260838651,1.8337838789559717,3.2417492966821824,4.278088908375758
-0.2401324819185904,3.180946669236525,4.276243850615256,1.9832560015418734,0.7424791869224516
4.281433062236043,3.2620333075752113,2.1851041254150294,0.7328959569213864,-0.28775492152824217
1.8462970151041564,4.26614018498571,3.262231790255289,0.7794485090272658,-0.2762335412102372
4.281120169749892,3.253757368192872,2.209980255142691,0.7384070828368348,-0.2896395157188591
4.283809942459557,3.259229571866095,2.1755605211977267,0.7394978765535003,-0.29040551949648064
-0.21699298732784716,4.216037041884357,3.259760063193947,1.8613048935221534,0.7545084485260959
4.265224119205655,3.1234468937038398,2.1827751339632018,0.7559273387600447,-0.24919783877410281
-0.25688993931835596,0.7809693937738141,3.238697938585017,4.2732190702445285,1.786118353686327
4.2700965286923065,3.185215069527369,2.2306102147998645,0.7624268131254577,-0.2803028730508012
-0.20484224100556683,4.242935423255653,3.25328673361709,1.8111820568516874,0.7510362925621483
4.2790972982390905,3.2362786254736196,2.210579935601416,0.7480567440640316,-0.28703981721158994
0.7857840108797766,4.237444763564959,3.2770756104019547,1.8421540437229325,-0.27489006444660236
4.253438417944629,3.2304906746184194,2.212276739981115,0.785231736422657,-0.2808851697765712
-0.25341124619668237,0.7880483648160337,3.245039893930384,4.217006898185927,2.0721202355056634
-0.2501041067926664,0.7551129722487793,3.2459783730967535,4.271185718571276,1.8052290851083956
-0.24157329073494524,3.0211924826906085,4.273161519893523,2.0612042597596796,0.7708388023788713
-0.24998663266692725,0.8676691253433537,2.207713551605965,4.155150404225991,3.177093082588415
4.273516221624907,3.2499873435360946,2.2286201520465783,0.7478078711228542,-0.2897442110173157
-0.22571362901480174,3.1692692999675645,4.2783878546892975,1.8873506344818762,0.7408963739985284
4.273819964895056,3.2330930880093582,2.22525845148665,0.7593160705211923,-0.2883661638390121
4.290313600997581,3.256786942326502,2.156723018430175,0.7383151376621512,-0.29335615489019873
4.2875078632803145,3.2502740796946825,2.2009347769367915,0.743158291290666,-0.2938718236374722
-0.23592334197667567,0.7500474312715695,3.2234080987319618,4.259694690966435,1.9592475947303012
4.285993680985722,3.2549603512679193,2.183112882366483,0.7393915460493597,-0.2912986360847757
4.237004568380586,3.2786212587124766,2.1687888218456464,0.744740954607902,-0.2805006704903984
-0.2564975965049353,0.7750746726257044,3.2186352514407464,4.26499413001792,1.9098429736299212
4.282132450270971,3.2643379582275798,2.215347509986453,0.7377289501965529,-0.29400671562137837
-0.23076034821766647,3.1758046046700543,4.273946897665569,1.88182156095014,0.7514847366187182
4.263135704819613,3.2517540048219904,2.2254422414874577,0.7571379464266309,-0.28729043715469094
-0.24599423695575598,3.000282102071916,4.2574411952675915,2.0136247631764306,0.8725398597865738
-0.24518699804327834,0.8574911892041174,4.251909412419494,3.225919978229461,1.791572289470981
4.288204346955246,3.2713957399599582,2.1646104063429075,0.7329499807347117,-0.29508380660288175
4.260562866325037,3.25237794282001,2.2410624728108397,0.7465464438608591,-0.28663309068414217
4.27945320901411,3.199717044751182,2.198200527631535,0.7520413586862259,-0.27994559190020635
4.282208520202303,3.237585091865087,2.211449801710925,0.7447521526030385,-0.28869467369885143
4.279231354383277,3.267224496825353,2.139981312168407,0.7473722614879061,-0.2905825463722972
-0.2488394399643853,0.7875386364726631,2.2211508977104466,3.145914582807605,4.220449885370117
4.2770531098074125,3.2380508177629985,2.1693657398036095,0.7469810013623621,-0.2804541249133061
-0.25007916678414227,1.9137708770249537,4.2555381168748845,0.911371604282953,3.100264606066899
4.288090560701733,3.2550267477273485,2.1660725855868295,0.7400967057984991,-0.29206827886475084
1.808558510263614,3.148722462544248,4.269118354563026,0.8433643626878544,-0.244700376730601
-0.2512922484291939,0.7756374110372983,4.271781142419008,3.2153493961349033,1.8239905093055064
4.26241397645992,3.2665861834454297,2.2295322911680495,0.7425474221661623,-0.2889631909914899
0.8489238140845015,4.260216725467543,3.267643503804564,1.8160091980823618,-0.28261586006997264
-0.23418765904785083,3.208998712351874,4.284318075546389,1.8874111949259547,0.7260902686100812
-0.2557984307910823,1.9089006487711127,4.283804208201288,3.12994740093344,0.7569092409398304
0.7854536619764455,4.285912046458003,3.2347045295187153,1.830081438833257,-0.28254297014729257
-0.24740319879457007,0.7946900877822578,1.8575686027508536,3.225268724931774,4.252902221978174
4.270054595531979,3.21237774761156,2.2288220832139793,0.7591989823039736,-0.2829095379503645
4.26720586206,3.1762429029294608,2.1885565489601726,0.7542027506767272,-0.2617585076124631
4.284865391980299,3.266069173204474,2.163131046008591,0.7396868422457117,-0.2928138234510549
4.281336322050407,3.2452556322841457,2.2100730234205073,0.7466554799629758,-0.2902236593197877
4.279551902591213,3.2494750165055404,2.1989978439462536,0.7505000457335592,-0.2899197780816805
4.289262404335179,3.26638043780199,2.1776343186949223,0.7336529045127398,-0.29504963347966323
-0.2472822226743934,3.2145497876038958,4.2604203911611105,1.8871314477560195,0.7780650826956503
4.278756460022828,3.232153628513955,2.218618627427954,0.7550569920241049,-0.28910512944300926
4.251937293208638,3.246314618540014,2.1491420522923144,0.7690370100100802,-0.27249896069028307
-0.22722543906392836,1.959066220017342,4.2784784773354785,3.095457512687849,0.7460982328984328
4.280341371514535,3.197586264171636,2.2019173421527873,0.7573868570632473,-0.28288929351570596
4.271212105944198,3.2390873362453068,2.2290663585671138,0.7565468684007786,-0.28823329672151304
-0.2523473725900615,0.7706815908828548,2.109966816528437,3.191858896614015,4.258798038423306
-0.2588143570652081,0.8660759907135617,4.266883544404364,3.21745918096285,1.7879552689781701
-0.23296437590494537,1.882828304293886,4.277699197247079,3.1517015279645784,0.7507652134429328
-0.25142028325482235,0.7950108720054475,2.1353882059202083,3.164654387627868,4.250133725373967
-0.24642036353665187,1.9321075342468426,4.27736237183382,3.0958093274574443,0.7686718007328849
4.27938680184258,3.2100262853507715,2.186333507414866,0.7524348291485379,-0.28011382037194343
-0.2600035047420575,0.7704118303315566,3.2386838744944653,4.2691217190273445,1.8372339669495956
4.260826751386124,3.2225692723273087,2.24120049452684,0.7605212416179055,-0.2833811928468501
-0.24497924710473568,3.1048661258960966,4.261907400944675,0.8271680286022125,1.927835509701147
4.28383140819004,3.2520203736356486,2.2053220002506246,0.7388387530321721,-0.29069928795282535
4.283807225296352,3.236154116979177,2.214101276910417,0.7502547554416805,-0.2915014585034771
4.259968364502059,3.2522945534175136,2.2008114159971526,0.7554033924311245,-0.2813768742929799
4.281522398490209,3.0880577878405133,2.136176579738874,0.7533479789206201,-0.2614611382348444
-0.24750401974510283,3.183313523569129,4.2759841812596155,1.870342201513702,0.7615250135769995
4.284014391387783,3.265086317971392,2.1730971079903565,0.7407474095972225,-0.29279965386105045
4.289126224422007,3.2581366482353906,2.1781333512367453,0.7417642235093206,-0.2949405209743835
-0.2463023196155105,3.2532502064737314,4.279453567079191,1.8771665318779227,0.7228271513610686
4.2786019550144445,3.2121875602274907,2.2200230095634197,0.7551797028026578,-0.28583444249108275
4.27185895728944,3.278447421330721,2.1935542190765576,0.7398192992197486,-0.2932863156439001
4.276847463206536,3.247225472967328,2.208601391776163,0.7489385362634825,-0.2882461538282871
2.093507056558064,4.253458401598315,3.2121763106048364,0.7789932310718307,-0.2566485434230076
-0.24397242692254617,1.9880314683789126,4.273101684863561,3.1884050417247938,0.7486323541211071
-0.23434242299984115,4.264789063707161,3.2649978391525027,1.909729814790113,0.7222015496677953
-0.25688993931835596,0.7809693937738141,3.238697938585017,4.2732190702445285,1.786118353686327
-0.24578123143357167,1.8949433319950522,4.269806019014083,3.0829678890454155,0.8109043225544555
4.283101926992489,3.26791002374159,2.1277192259011706,0.7401324516351936,-0.29067965491622566
-0.2514540657550882,1.9835593419465867,4.268713566071082,3.1217487695900377,0.7943375876961689
4.267834493374755,3.2748171458920954,2.1661031251919014,0.7425312800297608,-0.28819707870042777
4.289065173261948,3.254375874539724,2.181514867525478,0.7407657502702332,-0.29387940373809746
-0.2394316727438148,3.148683342578294,4.277469561869757,1.8660673943912989,0.7605468542742919
4.272907607952027,2.936022255139497,2.161731920089383,0.7608377652534706,-0.24279599579405783
0.7525440901003799,1.7954413984706474,3.2686359247603307,4.26878025895004,-0.2645466424474443
4.278699157497375,3.2473753302497936,2.1822337439053956,0.7484762313332942,-0.2864549456768779
4.284352602147348,3.2640968067619114,2.206815138247162,0.7402079542080255,-0.29511526269663296
4.2841471034342415,3.255993558221766,2.176497808807602,0.7447469355495604,-0.29136876087480307
4.277420192885918,3.2523085105748915,2.2003558562327865,0.7527190479094424,-0.29009200075568464
-0.25320028631339403,0.7922318549050036,3.2281261685424925,4.267059305585055,1.8065133787667147
4.286678969918745,3.2102447704109136,2.088599036205134,0.7419540893372865,-0.27573657086637154
4.287713917736942,3.268662683973146,2.169959347624735,0.7331012761463276,-0.29404366957574046
-0.23041041742227453,3.0533250917846746,4.265133457391914,1.9731073477579237,0.7878079650107865
4.291331037546562,3.2608138178188995,2.186039104766824,0.7357545437364313,-0.2961757776905085
4.2840047707535565,3.2534550795489854,2.2021453752809403,0.742709119367261,-0.29211896750758903
4.246616617739369,3.2721628806561895,2.232813629417089,0.7572013419546695,-0.2912853805426469
-0.24452051727774426,3.0451138612811794,4.277048109616793,2.0596333393530877,0.7607380106710484
-0.2686044322230587,0.7442555669229927,2.1069351332558783,3.2206831078469276,4.277911589633717
-0.22769292638375016,1.8616001521675318,4.266357964145814,2.9670551899849484,0.8331720929285085
0.7757119143857869,3.2422933784003423,4.276979176944603,1.9507436393581323,-0.2808079951437364
-0.24941576741117846,3.08819766128684,4.259186762512096,1.9404789099256927,0.866763506502112
-0.24599202719047814,2.9227977962122904,4.278330138550034,1.9250372177251625,0.7923458782391699
-0.2640488743506601,0.7778936949784901,2.104313903367797,4.262650503230753,3.2069066478901727
4.286726690018695,3.201219615110212,2.2161010415767843,0.7550647322415123,-0.29030965232624206
-0.25028416786726,1.9774191600591149,4.284410015698684,3.147092473865241,0.7404647536838032
-0.25160818585140327,0.8129024209264067,4.264733678061928,3.13688525023239,1.944960255214389
4.271064186202087,3.2394480181981655,2.227001711742953,0.752464130593135,-0.28673456437908024
-0.25076281349671037,1.9800851340777732,4.250622243863376,3.2127017861422966,0.7904520179003428
4.280383481300732,3.2536725722293784,2.192338901774873,0.7493147094411903,-0.29065665997803036
4.277992979138034,3.234057923627512,2.2132447026086255,0.752376878914037,-0.287467972047032
4.286177714683477,3.2696454444809717,2.186917553827351,0.7316937519568919,-0.29390055137610055
4.284055556998972,3.235127787618289,2.2264200061099335,0.745524855843201,-0.29192242649622524
-0.24463876734241113,3.167130019386229,4.283627629225912,1.825840177486561,0.753037054186564
-0.25572534336724406,0.7773608247783269,2.0881384164432597,3.161904518389938,4.2666997995822245
-0.23142662445261505,3.1893080961912266,4.279698566038026,1.8541720417480905,0.7410616132155048
4.2732545975320715,3.276690310355045,2.2035169696247996,0.7384604301360942,-0.29345083025104024
4.280014063775632,3.259705605893684,2.1965639733700115,0.7472267420714371,-0.29207115283579727
-0.24523934268261233,0.757372295298114,3.263986098469365,4.266548548886821,1.7664922724398762
4.287356433777538,3.268358793355997,2.1796172900147877,0.7386608070202807,-0.29595878928243213
-0.2504081204567872,3.1318209348163846,4.279064294698173,1.9346312418115634,0.761021495863459
-0.2611138874556622,0.7616303255829624,3.227168699037604,4.28256786826668,1.7958533953809013
-0.2547920820150958,3.0986600910263276,4.270522243688146,1.9974537524446618,0.8013151699538281
-0.24247653677937048,3.2262770902908238,4.283096693435913,1.8000250125870845,0.7394376027934554
-0.2436693019189932,3.0486724159110374,4.273021049294373,2.0708623929564824,0.7692252656235643
-0.253550370102942,0.7566275425072579,2.183636956916366,3.2306890805822293,4.235556509533789
-0.25496320090322055,0.7487648671827833,2.122171069867042,4.268552284443707,3.2046032195870815
4.2833661898651565,3.2550946553488473,2.2179716983626094,0.7379110633689074,-0.29239461649149473
2.085925644864349,4.249165664795573,3.265071000020215,0.7912578140187171,-0.2821721620697389
4.278616920974914,3.25774305263633,2.1922326949942295,0.7459175491213788,-0.2898063414982671
-0.2309177289528042,4.263273232282051,3.2394932400297027,1.8828081564051384,0.7405265519787054
4.283815443292896,3.252120954518072,2.1991761826654663,0.7402332500858437,-0.2905414760571779
-0.23685000238790993,3.1728284582133157,4.252945875120055,2.062340974921718,0.7778302947703843
0.7820236961159952,4.281926410213735,3.2502726904601618,1.8040402955184582,-0.27940716439475755
4.27938417304136,3.0523342669998748,2.1213081379161443,0.7540272718112906,-0.2524554120674931
-0.2401126972755141,3.2118963779159144,4.271758482031021,2.135784685499348,0.7299180624721197
4.276444797758141,3.2403812194532073,2.2153735926469977,0.7545700217980353,-0.2887656848340392
-0.23576070701832416,3.222603767125948,4.271724027616364,1.8385654476480278,0.7486596010933957
4.267355268670894,3.2444591493987525,2.2168518272813773,0.7475768305887984,-0.28240148699980655
4.250960027396314,3.2400261536727255,2.2214291806437823,0.7548599840148315,-0.2760419615429133
-0.24951190459051592,0.84541879106625,4.264462221432165,3.0582250738156467,1.9421225081971063
-0.23649856851913237,3.151498737565549,4.2637401589855815,1.8468913940108436,0.8096620878994054
-0.2510150096629437,3.1002099958345246,4.285718955549232,2.1464562162670253,0.7312045271898798
4.278775833309182,3.2363926972865134,2.2202907841986295,0.7511707720130965,-0.289197562804947
4.280549492587826,3.2557328635682072,2.20200566078038,0.735984922983464,-0.28792015386717723
4.289475425904559,3.264640852357935,2.198065363593124,0.7343466353201933,-0.29626314188830294
-0.24678900511201332,3.127154158496989,4.268124121108605,1.8973995305814633,0.8037164544452244
4.276033051757983,3.2378677871280344,2.2293428538901594,0.7515472265100013,-0.28940028667305784
4.276626869960414,3.2441693576033552,2.21222227961884,0.7545943428976093,-0.2893460963151608
4.287070146043067,3.242715873946032,2.2063555279676286,0.7401868022588078,-0.2915352386410375
4.286635620420082,3.124557541776548,2.0956963046401516,0.7440223862782517,-0.26429620041556834
4.2806161986660705,3.25206557767995,2.1983778603007513,0.7410409430619936,-0.2883662923737258
-0.25976712398200275,0.7422107624433326,3.2304129613080326,4.273720804143187,2.033865139976071
-0.21566361240694729,3.1650779634385464,4.259429260345439,1.8244437600275876,0.797591300234967
-0.17925059821596442,4.258900435725107,3.2385907373651905,1.8062954951654573,0.7416405968742283
4.277165158734221,3.2416377062849975,2.2123244959115187,0.7634240752074715,-0.2910286684791826
-0.24215650795188964,3.17437995032726,4.2663063089467785,1.9466381348774966,0.7700684156043964
-0.2431472618939759,0.8073311658758723,4.268432787804901,3.1332530982617044,1.8586463358377425
4.2718096388007964,3.2614973897902857,2.1996854750957384,0.7495654177440909,-0.28907369727234694
4.255065961486329,3.236906893643728,2.241785532967445,0.7587661870064808,-0.2838596133942158
4.241788265069237,3.247911293929529,2.22942289351052,0.7594911714446235,-0.27922317090277526
4.28570679742936,3.2116981832735783,2.1794919180131367,0.7528046881746518,-0.2859600198729506
-0.2584559020164294,0.8359773175389829,4.274100398730148,3.232898372090066,1.7612049090099837
-0.2607450580539671,0.7667824753569357,3.264513877031984,4.2620610900846465,1.7949257300191388
0.7668065189487983,3.1894291615115633,4.277946525678448,2.150648830462809,-0.2761636669545833
-0.25209240862833554,0.8171141752831478,4.281805508100161,3.15844262720512,1.7757304898472686
4.280716706153363,3.24681543082019,2.21765987621511,0.7456955245084993,-0.2908797192126519
4.282023181209913,3.2262670700788934,2.1913988461777074,0.750358698045047,-0.28554649920604097
-0.25064489013926794,3.2215517390511352,4.283927448366737,1.8545620949838624,0.7343677028369908
-0.2422678004753121,3.034231126796566,4.280193827269273,1.9008866782921208,0.7675632676155953
-0.20771247813611624,4.27572033010471,3.238736213150455,1.8218737928190425,0.7271814992660122
-0.24465227327304115,0.8202536499301536,4.269455169494057,3.097420701239708,1.8625021909803583
-0.2717498710382829,0.7576399904662423,2.152468450335632,4.2657933244599855,3.2322755695527907
4.20884485357651,3.244756057796557,2.2350201496386832,0.7771539025395018,-0.27600442153777366
4.282313071638336,3.264736799443619,2.1478770750639513,0.74747639398343,-0.2920031828154284
4.268169738303697,3.222545069111038,2.2268476941801416,0.754218830549703,-0.28163075209041966
4.2849256482962135,3.2523243600963987,2.1927248012332874,0.7455055146815043,-0.2924001052755723
0.7919047529392387,4.281792659353612,3.241077983913944,1.8331741417795402,-0.2813882609999069
-0.2501405112969348,0.8447172062342467,4.261122890393588,1.9522357765694092,3.1002340503034755
